instance,initial value,final value,generation time,VNS time
Instance1,2129,2125,0.0077342000004136935,300.23325750000004
