instance,initial value,final value,generation time,VNS time
Instance1,1826,1325,0.0031137000005401205,180.08504220000032
